k600,Vms,Qm3s,slope,depth,width,place,data1,data
5.80000,0.20000,0.08400,0.00700,0.18000,2.30000,Wyoming,Hall & Madinger,Hall & Madinger 2018
5.60000,0.25667,0.07000,0.00700,0.17000,1.60000,Wyoming,Hall & Madinger,Hall & Madinger 2018
11.00000,0.15833,0.02000,0.01500,0.16000,0.80000,Wyoming,Hall & Madinger,Hall & Madinger 2018
12.00000,0.15833,0.02000,0.01500,0.16000,0.80000,Wyoming,Hall & Madinger,Hall & Madinger 2018
47.00000,0.05167,0.02100,0.05000,0.45000,0.90000,Wyoming,Hall & Madinger,Hall & Madinger 2018
64.00000,0.06667,0.09700,0.11300,0.44000,3.30000,Wyoming,Hall & Madinger,Hall & Madinger 2018
97.00000,0.10500,0.02200,0.12000,0.30000,1.30000,Wyoming,Hall & Madinger,Hall & Madinger 2018
208.00000,0.08667,0.02200,0.12000,0.20000,0.70000,Wyoming,Hall & Madinger,Hall & Madinger 2018
1714.61385,0.64300,2.36600,0.11614,0.42700,8.62000,CH,This Study,This Study
1662.88793,0.79400,3.07000,0.11614,0.44000,8.78000,CH,This Study,This Study
2969.51941,0.76600,2.75900,0.11614,0.39800,9.04000,CH,This Study,This Study
656.57850,0.87800,2.00700,0.11655,0.25900,8.83900,CH,This Study,This Study
4117.80089,1.01100,3.51800,0.10611,0.37300,9.33900,CH,This Study,This Study
233.84442,0.85500,1.53600,0.11655,0.23800,7.53700,CH,This Study,This Study
202.63897,0.38800,0.31500,0.10198,0.18800,4.32100,CH,This Study,This Study
61.33156,0.18200,0.05600,0.07744,0.20400,1.51000,CH,This Study,This Study
21.15532,0.13800,0.02700,0.07744,0.13000,1.50000,CH,This Study,This Study
25.77231,0.11400,0.02100,0.07744,0.13600,1.37500,CH,This Study,This Study
1583.01559,0.89700,2.25100,0.05901,0.40100,6.25500,CH,This Study,This Study
952.22808,0.83500,1.58500,0.05901,0.32800,5.78200,CH,This Study,This Study
463.11755,0.56500,0.59700,0.05901,0.21000,5.01500,CH,This Study,This Study
132.22518,0.37600,0.29600,0.06022,0.19600,4.01000,CH,This Study,This Study
296.80813,0.52300,0.36500,0.08577,0.16700,4.18000,CH,This Study,This Study
96.26358,0.27500,0.08800,0.10138,0.08600,3.71100,CH,This Study,This Study
82.03408,0.25200,0.07000,0.10138,0.07600,3.67200,CH,This Study,This Study
170.13160,0.38800,0.14240,0.10138,0.11300,3.24000,CH,This Study,This Study
111.70262,0.29400,0.08600,0.10138,0.10800,2.70900,CH,This Study,This Study
412.85853,0.41500,0.15700,0.11231,0.11800,3.21000,CH,This Study,This Study
24.68877,0.08200,0.01500,0.14750,0.08600,2.06900,CH,This Study,This Study
27.72550,0.07300,0.01100,0.14750,0.08200,1.86200,CH,This Study,This Study
29.35918,0.05600,0.00800,0.14750,0.10100,1.38400,CH,This Study,This Study
13.26811,0.06500,0.00400,0.05881,0.07500,0.91700,CH,This Study,This Study
8.10349,0.03800,0.00200,0.05323,0.06400,0.78900,CH,This Study,This Study
20.50471,0.10100,0.00700,0.05591,0.08300,0.86100,CH,This Study,This Study
25.43624,0.20100,0.01300,0.05591,0.06500,1.02500,CH,This Study,This Study
143.40659,0.57400,0.59100,0.03231,0.09300,11.05000,CH,This Study,This Study
76.49225,0.46900,0.45700,0.03231,0.08400,11.67000,CH,This Study,This Study
84.21769,0.49200,0.50200,0.03231,0.09600,10.57000,CH,This Study,This Study
144.11807,0.61500,0.46000,0.03331,0.14500,5.18000,CH,This Study,This Study
62.15799,0.51200,0.30500,0.03593,0.14600,4.09000,CH,This Study,This Study
45.22982,0.42400,0.31800,0.03385,0.17100,4.38700,CH,This Study,This Study
128.35422,0.79700,0.53600,0.05791,0.13500,4.99900,CH,This Study,This Study
178.61833,0.74200,0.50500,0.05791,0.13700,4.96000,CH,This Study,This Study
30.29072,0.34100,0.09300,0.06094,0.07300,3.73000,CH,This Study,This Study
47.74176,0.32000,0.09100,0.06061,0.10300,2.74700,CH,This Study,This Study
549.93748,0.72600,0.71800,0.05288,0.16600,5.96500,CH,This Study,This Study
576.27238,0.61700,0.61700,0.05288,0.20400,4.90500,CH,This Study,This Study
63.67406,0.80900,0.34400,0.05516,0.09300,4.56000,CH,This Study,This Study
98.98953,0.55700,0.17600,0.05437,0.11800,2.67800,CH,This Study,This Study
136.49866,0.34500,0.10300,0.13759,0.08000,3.76000,CH,This Study,This Study
690.13654,0.77900,0.75100,0.13759,0.17100,5.62500,CH,This Study,This Study
76.89549,0.11900,0.02200,0.13759,0.11100,1.66100,CH,This Study,This Study
184.40842,0.34900,0.09000,0.13759,0.09900,2.61500,CH,This Study,This Study
459.66232,0.38800,0.48100,0.13739,0.34600,3.58600,CH,This Study,This Study
2470.30119,0.69400,1.65800,0.13739,0.32200,7.41300,CH,This Study,This Study
441.67473,0.39200,0.33600,0.13739,0.24400,3.49700,CH,This Study,This Study
576.99113,0.42400,0.32600,0.13739,0.22700,3.37700,CH,This Study,This Study
412.71565,0.88500,1.14000,0.05529,0.15900,8.10000,CH,This Study,This Study
775.85053,0.90100,1.18900,0.05529,0.17300,7.63600,CH,This Study,This Study
614.77135,0.85100,1.29600,0.05529,0.22300,6.81800,CH,This Study,This Study
493.93460,0.79800,0.97700,0.05529,0.17500,7.01700,CH,This Study,This Study
115.80062,0.56300,0.25100,0.05982,0.10900,4.09800,CH,This Study,This Study
71.34678,0.65400,0.23000,0.05982,0.06500,5.42100,CH,This Study,This Study
95.28634,0.14286,0.03062,0.13759,0.11402,1.88000,CH,This Study,This Study
26.96000,0.07000,0.04243,0.03629,0.22000,2.88000,Austria,Schelker et al.,Schelker et al. 2016
40.49000,0.15000,0.02300,0.05149,0.08000,2.00000,Austria,Schelker et al.,Schelker et al. 2016
23.66000,0.57000,1.16000,0.02763,0.25000,7.96000,Austria,Schelker et al.,Schelker et al. 2016
17.38000,0.76000,1.55000,0.02763,0.22000,8.89000,Austria,Schelker et al.,Schelker et al. 2016
10.65000,0.16000,0.26000,0.02763,0.24000,6.28000,Austria,Schelker et al.,Schelker et al. 2016
23.07000,0.46000,0.92000,0.02763,0.24000,8.36000,Austria,Schelker et al.,Schelker et al. 2016
28.36000,0.85000,2.92000,0.02763,0.27000,9.93000,Austria,Schelker et al.,Schelker et al. 2016
17.19000,0.28000,0.22094,0.00764,0.12000,5.99000,Austria,Schelker et al.,Schelker et al. 2016
30.41000,0.93000,1.60368,0.00764,0.18000,8.40000,Austria,Schelker et al.,Schelker et al. 2016
15.04000,0.16000,0.05371,0.00764,0.08000,4.44000,Austria,Schelker et al.,Schelker et al. 2016
20.40000,0.33000,0.67000,0.01554,0.19000,10.21000,Austria,Schelker et al.,Schelker et al. 2016
20.37000,0.32000,0.59000,0.01554,0.18000,10.49000,Austria,Schelker et al.,Schelker et al. 2016
16.17000,0.24000,0.40030,0.01382,0.23000,7.11000,Austria,Schelker et al.,Schelker et al. 2016
23.44000,0.51000,1.29000,0.01382,0.30000,8.23000,Austria,Schelker et al.,Schelker et al. 2016
14.95000,0.34000,0.70131,0.01382,0.27000,7.52000,Austria,Schelker et al.,Schelker et al. 2016
71.19000,0.36000,0.25784,0.01381,0.16000,4.33000,Austria,Schelker et al.,Schelker et al. 2016
33.31000,0.15000,0.02200,0.05104,0.10000,1.41000,Austria,Schelker et al.,Schelker et al. 2016
46.51000,0.18000,0.05858,0.05104,0.12000,2.38000,Austria,Schelker et al.,Schelker et al. 2016
29.49000,0.16000,0.04347,0.05104,0.12000,2.10000,Austria,Schelker et al.,Schelker et al. 2016
11.19000,0.15000,0.02600,0.05104,0.12000,1.41000,Austria,Schelker et al.,Schelker et al. 2016
107.98000,0.75000,0.32900,0.05104,0.17000,2.48000,Austria,Schelker et al.,Schelker et al. 2016
37.19000,0.23000,0.19845,0.03263,0.20000,3.89000,Austria,Schelker et al.,Schelker et al. 2016
18.21000,0.25000,0.04380,0.02469,0.09000,1.87000,Austria,Schelker et al.,Schelker et al. 2016
11.88000,0.15000,0.01716,0.02002,0.09000,1.21000,Austria,Schelker et al.,Schelker et al. 2016
15.23000,0.23000,0.05500,0.01909,0.12000,2.00000,Austria,Schelker et al.,Schelker et al. 2016
13.72000,0.25000,0.06182,0.01909,0.10000,2.17000,Austria,Schelker et al.,Schelker et al. 2016
12.98000,0.23000,0.08540,0.01909,0.13000,2.62000,Austria,Schelker et al.,Schelker et al. 2016
8.52000,0.72000,0.50100,0.01909,0.29000,2.42000,Austria,Schelker et al.,Schelker et al. 2016
30.48000,0.51000,0.23385,0.01909,0.19000,2.37000,Austria,Schelker et al.,Schelker et al. 2016
20.31000,0.25000,0.10783,0.01060,0.14000,2.83000,Austria,Schelker et al.,Schelker et al. 2016
29.47000,0.22000,0.06472,0.02346,0.11000,2.56000,Austria,Schelker et al.,Schelker et al. 2016
143.75000,0.16000,0.01605,0.01544,0.08000,1.25000,Austria,Schelker et al.,Schelker et al. 2016
20.64000,0.19000,0.02606,0.01544,0.08000,1.60000,Austria,Schelker et al.,Schelker et al. 2016
176.93000,0.09000,0.01390,0.02655,0.08000,1.82000,Austria,Schelker et al.,Schelker et al. 2016
28.55000,0.18000,0.01650,0.02655,0.13000,1.59000,Austria,Schelker et al.,Schelker et al. 2016
25.52000,0.16000,0.02815,0.02655,0.11000,1.59000,Austria,Schelker et al.,Schelker et al. 2016
21.53000,0.15000,0.02800,0.02655,0.11000,1.60000,Austria,Schelker et al.,Schelker et al. 2016
75.49000,0.51000,0.21000,0.02655,0.20000,2.03000,Austria,Schelker et al.,Schelker et al. 2016
19.60000,0.23000,0.05181,0.02655,0.11000,1.97000,Austria,Schelker et al.,Schelker et al. 2016
17.69000,0.35000,0.62000,0.00728,0.25000,7.11000,Austria,Schelker et al.,Schelker et al. 2016
19.75000,0.11000,0.04103,0.10929,0.11000,3.36000,Austria,Schelker et al.,Schelker et al. 2016
13.48000,0.24000,0.07450,0.00850,0.06000,4.79000,Austria,Schelker et al.,Schelker et al. 2016
5.19000,0.06000,0.04594,0.00850,0.22000,2.80000,Austria,Schelker et al.,Schelker et al. 2016
39.74000,0.24000,0.06360,0.04319,0.10000,2.66000,Austria,Schelker et al.,Schelker et al. 2016
4.92000,0.54000,0.75000,0.00173,0.27000,5.00000,Austria,Schelker et al.,Schelker et al. 2016
8.61000,0.41000,0.45000,0.00173,0.21000,4.94000,Austria,Schelker et al.,Schelker et al. 2016
5.61000,0.21000,0.19000,0.00173,0.18000,4.66000,Austria,Schelker et al.,Schelker et al. 2016
15.71000,0.55000,0.66000,0.00173,0.22000,5.37000,Austria,Schelker et al.,Schelker et al. 2016
2.86000,0.38000,0.38000,0.00173,0.19000,5.01000,Austria,Schelker et al.,Schelker et al. 2016
13.15000,0.40000,0.21000,0.00426,0.09000,4.94000,Austria,Schelker et al.,Schelker et al. 2016
24.64000,0.34000,0.15000,0.00426,0.09000,4.73000,Austria,Schelker et al.,Schelker et al. 2016
17.02000,0.38000,0.33000,0.00426,0.18000,4.76000,Austria,Schelker et al.,Schelker et al. 2016
20.69000,0.38000,0.36000,0.00204,0.20000,4.66000,Austria,Schelker et al.,Schelker et al. 2016
13.06000,0.18000,0.10410,0.00318,0.19000,3.07000,Austria,Schelker et al.,Schelker et al. 2016
29.32000,0.41000,0.11844,0.01125,0.10000,2.74000,Austria,Schelker et al.,Schelker et al. 2016
12.67000,0.18000,0.03380,0.01125,0.09000,1.94000,Austria,Schelker et al.,Schelker et al. 2016
12.20000,0.35000,0.09200,0.01125,0.10000,2.45000,Austria,Schelker et al.,Schelker et al. 2016
14.10000,0.50000,0.20302,0.01125,0.14000,2.81000,Austria,Schelker et al.,Schelker et al. 2016
33.40000,0.42000,0.13403,0.01125,0.11000,2.93000,Austria,Schelker et al.,Schelker et al. 2016
9.01000,0.28000,0.09444,0.01125,0.12000,2.61000,Austria,Schelker et al.,Schelker et al. 2016
11.10000,0.06000,0.00294,0.10072,0.08000,0.54000,Austria,Schelker et al.,Schelker et al. 2016
7.69000,0.08000,0.00404,0.10072,0.11000,0.41000,Austria,Schelker et al.,Schelker et al. 2016
50.17000,0.18000,0.00949,0.10072,0.07000,0.72000,Austria,Schelker et al.,Schelker et al. 2016
15.33000,0.07000,0.00262,0.10072,0.07000,0.56000,Austria,Schelker et al.,Schelker et al. 2016
5.46000,0.04000,0.00116,0.10072,0.07000,0.41000,Austria,Schelker et al.,Schelker et al. 2016
13.34000,0.18000,0.06447,0.02472,0.11000,3.04000,Austria,Schelker et al.,Schelker et al. 2016
89.83000,0.07000,0.01240,0.07134,0.12000,1.47000,Austria,Schelker et al.,Schelker et al. 2016
11.57000,0.03000,0.00769,0.07134,0.20000,1.05000,Austria,Schelker et al.,Schelker et al. 2016
143.60000,0.05000,0.01240,0.06555,0.21000,2.12000,Austria,Schelker et al.,Schelker et al. 2016
18.81000,0.15000,0.02300,0.04449,0.08000,1.79000,Austria,Schelker et al.,Schelker et al. 2016
30.93000,0.17000,0.03200,0.04449,0.10000,1.95000,Austria,Schelker et al.,Schelker et al. 2016
101.25000,0.52000,0.17798,0.04449,0.11000,2.92000,Austria,Schelker et al.,Schelker et al. 2016
24.38000,0.16000,0.02553,0.04449,0.08000,2.03000,Austria,Schelker et al.,Schelker et al. 2016
11.65000,0.22000,0.04900,0.04449,0.08000,2.81000,Austria,Schelker et al.,Schelker et al. 2016
13.31000,0.24000,0.05977,0.04449,0.09000,2.58000,Austria,Schelker et al.,Schelker et al. 2016
10.98000,0.08000,0.00618,0.01615,0.07000,1.02000,Austria,Schelker et al.,Schelker et al. 2016
59.74000,0.54000,0.26100,0.02745,0.15000,3.28000,Austria,Schelker et al.,Schelker et al. 2016
68.57000,0.45000,0.15452,0.02745,0.10000,3.31000,Austria,Schelker et al.,Schelker et al. 2016
12.34000,0.08000,0.00490,0.05661,0.07000,0.56000,Austria,Schelker et al.,Schelker et al. 2016
19.34357,0.19400,0.08470,0.04250,0.12400,3.52300,Raymond,Raymond et al.,Raymond et al. 2012
34.27559,0.54100,7.71900,0.00630,0.58000,24.60000,Raymond,Raymond et al.,Raymond et al. 2012
4.96627,0.46000,2.84990,0.00840,0.50000,12.39100,Raymond,Raymond et al.,Raymond et al. 2012
15.76222,0.63000,7.75660,0.00480,0.57000,21.60000,Raymond,Raymond et al.,Raymond et al. 2012
19.94176,0.56200,4.35660,0.00875,0.34000,22.80000,Raymond,Raymond et al.,Raymond et al. 2012
9.62315,0.30600,0.68670,0.01760,0.22000,10.20000,Raymond,Raymond et al.,Raymond et al. 2012
16.64831,0.53400,3.20400,0.00738,0.30000,20.00000,Raymond,Raymond et al.,Raymond et al. 2012
14.90311,0.46300,3.49470,0.00600,0.34000,22.20000,Raymond,Raymond et al.,Raymond et al. 2012
8.53230,0.54600,2.95990,0.00428,0.39000,13.90000,Raymond,Raymond et al.,Raymond et al. 2012
12.88751,0.54000,1.89490,0.00580,0.29000,12.10000,Raymond,Raymond et al.,Raymond et al. 2012
3.73563,0.64700,3.75970,0.00330,0.39000,14.90000,Raymond,Raymond et al.,Raymond et al. 2012
11.91116,0.30900,0.62420,0.01230,0.20000,10.10000,Raymond,Raymond et al.,Raymond et al. 2012
12.08026,0.36000,1.11890,0.00700,0.28000,11.10000,Raymond,Raymond et al.,Raymond et al. 2012
4.65639,0.57800,3.35010,0.00330,0.36000,16.10000,Raymond,Raymond et al.,Raymond et al. 2012
13.41851,0.24200,0.40630,0.01100,0.23000,7.30000,Raymond,Raymond et al.,Raymond et al. 2012
12.17329,0.34700,0.89110,0.00700,0.24000,10.70000,Raymond,Raymond et al.,Raymond et al. 2012
5.07384,0.32100,0.77680,0.00800,0.22000,11.00000,Raymond,Raymond et al.,Raymond et al. 2012
9.14402,0.27100,0.41730,0.01030,0.20000,7.70000,Raymond,Raymond et al.,Raymond et al. 2012
4.92738,0.46000,4.02060,0.00210,0.50000,17.48100,Raymond,Raymond et al.,Raymond et al. 2012
7.84802,0.39100,1.39390,0.00360,0.31000,11.50000,Raymond,Raymond et al.,Raymond et al. 2012
8.45104,0.16800,1.12040,0.00656,0.39000,17.10000,Raymond,Raymond et al.,Raymond et al. 2012
9.64342,0.33500,1.34870,0.00384,0.33000,12.20000,Raymond,Raymond et al.,Raymond et al. 2012
11.02099,0.20200,0.25760,0.01320,0.15000,8.50000,Raymond,Raymond et al.,Raymond et al. 2012
6.71491,0.20900,0.33360,0.00990,0.19000,8.40000,Raymond,Raymond et al.,Raymond et al. 2012
11.15450,0.21000,0.42600,0.00500,0.33000,6.14700,Raymond,Raymond et al.,Raymond et al. 2012
4.01981,0.26200,2.47850,0.00223,0.55000,17.20000,Raymond,Raymond et al.,Raymond et al. 2012
8.76489,0.11900,1.10020,0.00600,0.43000,21.50000,Raymond,Raymond et al.,Raymond et al. 2012
4.24065,0.13500,0.18860,0.00830,0.27000,5.17300,Raymond,Raymond et al.,Raymond et al. 2012
6.49591,0.20800,0.88170,0.00522,0.27000,15.70000,Raymond,Raymond et al.,Raymond et al. 2012
7.52535,0.19500,0.60060,0.00728,0.20000,15.40000,Raymond,Raymond et al.,Raymond et al. 2012
4.21997,0.21000,0.09800,0.00580,0.22000,2.12200,Raymond,Raymond et al.,Raymond et al. 2012
17.07701,0.22400,0.01610,0.01470,0.08000,0.90000,Raymond,Raymond et al.,Raymond et al. 2012
7.74877,0.16600,0.04660,0.00860,0.18400,1.52700,Raymond,Raymond et al.,Raymond et al. 2012
5.87131,0.25600,0.66300,0.00290,0.35000,7.40000,Raymond,Raymond et al.,Raymond et al. 2012
9.04543,0.16000,0.21500,0.01000,0.16000,8.40000,Raymond,Raymond et al.,Raymond et al. 2012
7.24495,0.14300,0.00480,0.01330,0.13000,0.26000,Raymond,Raymond et al.,Raymond et al. 2012
5.12263,0.15000,0.16380,0.01230,0.13000,8.40000,Raymond,Raymond et al.,Raymond et al. 2012
5.85720,0.14500,0.01320,0.01470,0.11000,0.82700,Raymond,Raymond et al.,Raymond et al. 2012
6.37521,0.12700,0.18290,0.00920,0.20000,7.20000,Raymond,Raymond et al.,Raymond et al. 2012
4.88022,0.11900,0.29990,0.00800,0.24000,10.50000,Raymond,Raymond et al.,Raymond et al. 2012
10.69925,0.14000,0.01410,0.01470,0.11000,0.91300,Raymond,Raymond et al.,Raymond et al. 2012
5.24813,0.18200,0.14410,0.01100,0.11000,7.20000,Raymond,Raymond et al.,Raymond et al. 2012
6.29873,0.20900,0.21670,0.00420,0.25000,4.14800,Raymond,Raymond et al.,Raymond et al. 2012
5.65637,0.15500,0.14240,0.00750,0.18300,5.01900,Raymond,Raymond et al.,Raymond et al. 2012
5.40143,0.24000,0.68640,0.00340,0.26000,11.00000,Raymond,Raymond et al.,Raymond et al. 2012
5.35514,0.07300,0.04860,0.01260,0.23000,2.89600,Raymond,Raymond et al.,Raymond et al. 2012
9.73867,0.21100,0.15990,0.00380,0.26000,2.91600,Raymond,Raymond et al.,Raymond et al. 2012
3.62977,0.20500,0.76690,0.00343,0.29000,12.90000,Raymond,Raymond et al.,Raymond et al. 2012
8.38158,0.22300,0.12520,0.00640,0.14000,4.01000,Raymond,Raymond et al.,Raymond et al. 2012
12.24154,0.21000,0.50300,0.00400,0.23000,10.41500,Raymond,Raymond et al.,Raymond et al. 2012
3.51924,0.21100,0.38820,0.00380,0.23000,8.00000,Raymond,Raymond et al.,Raymond et al. 2012
4.24959,0.10400,0.02720,0.00880,0.20000,1.30800,Raymond,Raymond et al.,Raymond et al. 2012
10.07437,0.09600,0.01390,0.01330,0.14000,1.03100,Raymond,Raymond et al.,Raymond et al. 2012
8.21245,0.09600,0.01620,0.01330,0.14000,1.20700,Raymond,Raymond et al.,Raymond et al. 2012
9.52212,0.09400,0.03250,0.01260,0.15000,2.30200,Raymond,Raymond et al.,Raymond et al. 2012
3.78579,0.12000,0.15360,0.00898,0.16000,8.00000,Raymond,Raymond et al.,Raymond et al. 2012
4.39961,0.18000,0.65770,0.00330,0.29000,12.60000,Raymond,Raymond et al.,Raymond et al. 2012
9.94402,0.15500,1.05460,0.00392,0.28000,24.30000,Raymond,Raymond et al.,Raymond et al. 2012
10.97692,0.09800,0.05000,0.01140,0.15000,3.40000,Raymond,Raymond et al.,Raymond et al. 2012
10.61766,0.13800,0.01540,0.03000,0.04000,2.78700,Raymond,Raymond et al.,Raymond et al. 2012
8.47218,0.09700,0.02060,0.02080,0.08000,2.65100,Raymond,Raymond et al.,Raymond et al. 2012
12.05301,0.22500,0.19510,0.00650,0.11000,7.88300,Raymond,Raymond et al.,Raymond et al. 2012
3.95314,0.09500,0.08390,0.00830,0.20000,4.41300,Raymond,Raymond et al.,Raymond et al. 2012
7.63756,0.19700,0.14300,0.00720,0.11000,6.60000,Raymond,Raymond et al.,Raymond et al. 2012
0.96125,0.08900,0.01980,0.00880,0.19700,1.13100,Raymond,Raymond et al.,Raymond et al. 2012
4.23340,0.09500,0.07750,0.01330,0.12000,6.80000,Raymond,Raymond et al.,Raymond et al. 2012
5.84352,0.14200,0.39660,0.00559,0.19000,14.70000,Raymond,Raymond et al.,Raymond et al. 2012
2.95160,0.11100,0.02670,0.00860,0.15700,1.53200,Raymond,Raymond et al.,Raymond et al. 2012
3.50847,0.08900,0.08810,0.00920,0.18000,5.50000,Raymond,Raymond et al.,Raymond et al. 2012
4.32990,0.10700,0.07890,0.01230,0.11000,6.70000,Raymond,Raymond et al.,Raymond et al. 2012
5.05453,0.15400,0.05030,0.00470,0.20000,1.63300,Raymond,Raymond et al.,Raymond et al. 2012
3.51552,0.14000,0.03950,0.00470,0.21000,1.34200,Raymond,Raymond et al.,Raymond et al. 2012
4.57500,0.22400,0.11610,0.00380,0.16000,3.24000,Raymond,Raymond et al.,Raymond et al. 2012
4.84947,0.09000,0.09130,0.01160,0.13000,7.80000,Raymond,Raymond et al.,Raymond et al. 2012
5.12511,0.12900,0.10050,0.00750,0.14000,5.56700,Raymond,Raymond et al.,Raymond et al. 2012
5.80992,0.09500,0.07940,0.00640,0.22000,3.80000,Raymond,Raymond et al.,Raymond et al. 2012
7.24565,0.11000,0.01090,0.03000,0.04000,2.48000,Raymond,Raymond et al.,Raymond et al. 2012
5.68603,0.13700,0.11770,0.00530,0.18000,4.77400,Raymond,Raymond et al.,Raymond et al. 2012
7.27841,0.10800,0.01080,0.03000,0.04000,2.50200,Raymond,Raymond et al.,Raymond et al. 2012
2.91079,0.12100,0.10120,0.00951,0.11000,7.60000,Raymond,Raymond et al.,Raymond et al. 2012
6.07880,0.15900,0.11110,0.00530,0.15000,4.66000,Raymond,Raymond et al.,Raymond et al. 2012
6.01576,0.17500,0.11270,0.00720,0.10000,6.44000,Raymond,Raymond et al.,Raymond et al. 2012
6.84350,0.13600,0.09870,0.00820,0.11000,6.60000,Raymond,Raymond et al.,Raymond et al. 2012
4.34340,0.07700,0.03880,0.01320,0.12000,4.20000,Raymond,Raymond et al.,Raymond et al. 2012
3.92686,0.14000,0.09240,0.00380,0.22000,3.00000,Raymond,Raymond et al.,Raymond et al. 2012
7.17326,0.12800,0.03280,0.01140,0.07900,3.24800,Raymond,Raymond et al.,Raymond et al. 2012
2.30068,0.13500,0.10710,0.00420,0.20000,3.96800,Raymond,Raymond et al.,Raymond et al. 2012
2.46637,0.10700,0.17100,0.00619,0.17000,9.40000,Raymond,Raymond et al.,Raymond et al. 2012
4.76531,0.13500,0.01400,0.01020,0.08000,1.29200,Raymond,Raymond et al.,Raymond et al. 2012
4.12500,0.13000,0.20880,0.00400,0.21000,7.64900,Raymond,Raymond et al.,Raymond et al. 2012
3.09339,0.07100,0.06750,0.00779,0.19000,5.00000,Raymond,Raymond et al.,Raymond et al. 2012
6.02350,0.11500,0.09230,0.00825,0.11000,7.30000,Raymond,Raymond et al.,Raymond et al. 2012
6.82449,0.14000,0.10580,0.00530,0.14000,5.40000,Raymond,Raymond et al.,Raymond et al. 2012
1.00781,0.11800,0.03440,0.00580,0.15000,1.94600,Raymond,Raymond et al.,Raymond et al. 2012
4.19447,0.06100,0.01540,0.02080,0.08000,3.14900,Raymond,Raymond et al.,Raymond et al. 2012
7.87354,0.06100,0.01540,0.02080,0.08000,3.16000,Raymond,Raymond et al.,Raymond et al. 2012
1.88090,0.10000,0.42660,0.00562,0.18000,23.70000,Raymond,Raymond et al.,Raymond et al. 2012
1.00165,0.18300,0.86960,0.00223,0.24000,19.80000,Raymond,Raymond et al.,Raymond et al. 2012
4.62526,0.05100,0.01050,0.00880,0.21000,0.98300,Raymond,Raymond et al.,Raymond et al. 2012
4.96089,0.16900,0.37550,0.00251,0.22000,10.10000,Raymond,Raymond et al.,Raymond et al. 2012
1.40393,0.11300,0.02990,0.00580,0.14000,1.89100,Raymond,Raymond et al.,Raymond et al. 2012
4.48428,0.20000,0.12290,0.00650,0.07000,8.77500,Raymond,Raymond et al.,Raymond et al. 2012
5.09649,0.04500,0.01450,0.01260,0.16000,2.01200,Raymond,Raymond et al.,Raymond et al. 2012
2.90815,0.04400,0.04130,0.00900,0.22000,4.26300,Raymond,Raymond et al.,Raymond et al. 2012
3.02768,0.09800,0.23520,0.00360,0.24000,10.00000,Raymond,Raymond et al.,Raymond et al. 2012
3.98844,0.11000,0.14340,0.00400,0.19000,6.86200,Raymond,Raymond et al.,Raymond et al. 2012
4.35475,0.09800,0.07680,0.00530,0.16000,4.90000,Raymond,Raymond et al.,Raymond et al. 2012
5.08022,0.08000,0.00490,0.01470,0.07000,0.87700,Raymond,Raymond et al.,Raymond et al. 2012
5.11399,0.09200,0.05330,0.00640,0.13900,4.17100,Raymond,Raymond et al.,Raymond et al. 2012
6.58340,0.13400,0.06000,0.00380,0.16000,2.80000,Raymond,Raymond et al.,Raymond et al. 2012
2.77064,0.09000,0.07920,0.00557,0.16000,5.50000,Raymond,Raymond et al.,Raymond et al. 2012
5.78635,0.07800,0.05240,0.00640,0.16000,4.20000,Raymond,Raymond et al.,Raymond et al. 2012
3.10939,0.07000,0.00970,0.01020,0.11000,1.25400,Raymond,Raymond et al.,Raymond et al. 2012
4.17847,0.11100,0.05580,0.00380,0.18100,2.77700,Raymond,Raymond et al.,Raymond et al. 2012
3.38371,0.07900,0.22990,0.00638,0.15000,19.40000,Raymond,Raymond et al.,Raymond et al. 2012
13.23030,0.04600,0.00600,0.01330,0.12000,1.08400,Raymond,Raymond et al.,Raymond et al. 2012
1.77681,0.19200,0.05230,0.00750,0.05000,5.45100,Raymond,Raymond et al.,Raymond et al. 2012
13.07802,0.06000,0.00490,0.03000,0.04000,2.04300,Raymond,Raymond et al.,Raymond et al. 2012
5.85815,0.12100,0.07040,0.00530,0.11000,5.29200,Raymond,Raymond et al.,Raymond et al. 2012
3.70401,0.11900,0.08230,0.00650,0.09000,7.68500,Raymond,Raymond et al.,Raymond et al. 2012
5.67718,0.11500,0.04550,0.00530,0.11000,3.60000,Raymond,Raymond et al.,Raymond et al. 2012
2.73172,0.10000,0.00700,0.01330,0.05000,1.39600,Raymond,Raymond et al.,Raymond et al. 2012
4.37931,0.07500,0.02020,0.01140,0.07700,3.49600,Raymond,Raymond et al.,Raymond et al. 2012
7.72424,0.11600,0.01950,0.00470,0.12000,1.40000,Raymond,Raymond et al.,Raymond et al. 2012
4.54936,0.04000,0.02730,0.00900,0.18000,3.79100,Raymond,Raymond et al.,Raymond et al. 2012
4.73087,0.10600,0.04430,0.00530,0.11000,3.80000,Raymond,Raymond et al.,Raymond et al. 2012
2.90782,0.14400,0.03990,0.00380,0.11000,2.52000,Raymond,Raymond et al.,Raymond et al. 2012
5.19130,0.09800,0.03400,0.00510,0.12000,2.89100,Raymond,Raymond et al.,Raymond et al. 2012
8.87066,0.08700,0.01180,0.00860,0.08000,1.70000,Raymond,Raymond et al.,Raymond et al. 2012
4.76767,0.08500,0.04750,0.00530,0.13000,4.30000,Raymond,Raymond et al.,Raymond et al. 2012
5.11294,0.06400,0.01640,0.01140,0.08000,3.20000,Raymond,Raymond et al.,Raymond et al. 2012
4.36347,0.09700,0.04820,0.00530,0.11200,4.43300,Raymond,Raymond et al.,Raymond et al. 2012
13.70790,0.06400,0.00310,0.01470,0.06000,0.80100,Raymond,Raymond et al.,Raymond et al. 2012
5.56911,0.05900,0.01770,0.00950,0.10000,2.99400,Raymond,Raymond et al.,Raymond et al. 2012
2.35310,0.05300,0.03500,0.00951,0.11000,6.00000,Raymond,Raymond et al.,Raymond et al. 2012
2.05047,0.06700,0.10010,0.00454,0.18000,8.30000,Raymond,Raymond et al.,Raymond et al. 2012
8.70559,0.03200,0.00600,0.02080,0.08000,2.32600,Raymond,Raymond et al.,Raymond et al. 2012
6.04711,0.03700,0.01280,0.00950,0.15000,2.30200,Raymond,Raymond et al.,Raymond et al. 2012
4.10517,0.03500,0.00450,0.03000,0.05000,2.54400,Raymond,Raymond et al.,Raymond et al. 2012
5.54638,0.05300,0.01490,0.00470,0.21000,1.34100,Raymond,Raymond et al.,Raymond et al. 2012
3.17138,0.10600,0.04660,0.00530,0.09000,4.88000,Raymond,Raymond et al.,Raymond et al. 2012
2.13461,0.07300,0.04530,0.00530,0.13000,4.77000,Raymond,Raymond et al.,Raymond et al. 2012
3.48511,0.06700,0.01110,0.01250,0.06000,2.76800,Raymond,Raymond et al.,Raymond et al. 2012
3.31908,0.09300,0.03970,0.00720,0.07000,6.09700,Raymond,Raymond et al.,Raymond et al. 2012
2.81538,0.04500,0.00450,0.01020,0.09000,1.10100,Raymond,Raymond et al.,Raymond et al. 2012
2.74757,0.07000,0.03530,0.00720,0.08000,6.30000,Raymond,Raymond et al.,Raymond et al. 2012
3.00779,0.06700,0.01790,0.00510,0.11000,2.42700,Raymond,Raymond et al.,Raymond et al. 2012
2.40046,0.09000,0.01700,0.00510,0.07000,2.70000,Raymond,Raymond et al.,Raymond et al. 2012
2.68362,0.03500,0.00710,0.01250,0.07000,2.91400,Raymond,Raymond et al.,Raymond et al. 2012
3.71389,0.02400,0.01200,0.00900,0.14000,3.58100,Raymond,Raymond et al.,Raymond et al. 2012
3.02060,0.03300,0.00490,0.01250,0.06000,2.46200,Raymond,Raymond et al.,Raymond et al. 2012
5.05871,0.03900,0.01060,0.00510,0.11000,2.46500,Raymond,Raymond et al.,Raymond et al. 2012
1.30856,0.02200,0.00490,0.00950,0.07000,3.19300,Raymond,Raymond et al.,Raymond et al. 2012
0.95856,0.02200,0.00490,0.00950,0.07000,3.16900,Raymond,Raymond et al.,Raymond et al. 2012
0.96301,0.03900,0.01970,0.00290,0.09000,5.60000,Raymond,Raymond et al.,Raymond et al. 2012
62.74520,0.07600,1.05842,0.17000,0.14300,,Raymond,Raymond et al.,Raymond et al. 2012
30.59285,0.09900,1.70932,0.09000,0.11400,,Raymond,Raymond et al.,Raymond et al. 2012
19.73707,0.05700,0.08773,0.17000,0.06700,,Raymond,Raymond et al.,Raymond et al. 2012
15.49521,0.04900,0.48676,0.08000,0.12100,,Raymond,Raymond et al.,Raymond et al. 2012
11.88718,0.03600,0.19952,0.17000,0.07500,,Raymond,Raymond et al.,Raymond et al. 2012
11.62886,0.02200,0.06509,0.13000,0.13000,,Raymond,Raymond et al.,Raymond et al. 2012
8.64332,0.07700,0.37356,0.03500,0.05700,,Raymond,Raymond et al.,Raymond et al. 2012
8.23140,0.06800,0.27734,0.03500,0.04800,,Raymond,Raymond et al.,Raymond et al. 2012
4.79479,0.24000,5.60340,0.00250,0.19000,,Raymond,Raymond et al.,Raymond et al. 2012
5.22672,0.04300,0.29432,0.02500,0.10200,,Raymond,Raymond et al.,Raymond et al. 2012
7.37821,0.05800,0.22074,0.03500,0.04500,,Raymond,Raymond et al.,Raymond et al. 2012
5.35772,0.13800,0.87730,0.00300,0.03900,,Raymond,Raymond et al.,Raymond et al. 2012
26.80000,0.23024,2.25936,0.06000,0.14857,2.33400,Raymond,Raymond et al.,Raymond et al. 2012
26.50000,0.49167,5.36011,0.01500,0.20382,1.89000,Raymond,Raymond et al.,Raymond et al. 2012
24.00000,0.06073,3.16717,0.02478,0.94020,1.96000,Raymond,Raymond et al.,Raymond et al. 2012
7.70000,0.04269,0.34570,0.19000,0.12074,2.37000,Raymond,Raymond et al.,Raymond et al. 2012
16.70000,0.11765,1.39510,0.03600,0.18557,2.25800,Raymond,Raymond et al.,Raymond et al. 2012
11.00000,0.11111,0.54778,0.13400,0.04658,3.74000,Raymond,Raymond et al.,Raymond et al. 2012
15.30000,0.13889,1.27439,0.02100,0.21054,1.54000,Raymond,Raymond et al.,Raymond et al. 2012
12.90000,0.26683,7.58014,0.01400,0.15248,6.58310,Raymond,Raymond et al.,Raymond et al. 2012
10.20000,0.06159,0.56486,0.03171,0.27462,1.18000,Raymond,Raymond et al.,Raymond et al. 2012
4.10000,0.07667,3.20926,0.02372,0.25156,5.88000,Raymond,Raymond et al.,Raymond et al. 2012
10.50000,0.22593,1.46532,0.01300,0.11875,1.93000,Raymond,Raymond et al.,Raymond et al. 2012
2.60000,0.19599,1.49049,0.01100,0.15901,1.69000,Raymond,Raymond et al.,Raymond et al. 2012
4.80000,0.11111,0.74492,0.03214,0.09476,2.50000,Raymond,Raymond et al.,Raymond et al. 2012
2.00000,0.26458,0.64938,0.01710,0.07230,1.19960,Raymond,Raymond et al.,Raymond et al. 2012
8.40000,0.06755,1.40002,0.01571,0.26825,2.73000,Raymond,Raymond et al.,Raymond et al. 2012
1.80000,0.01852,0.14602,0.14167,0.10169,2.74000,Raymond,Raymond et al.,Raymond et al. 2012
4.10000,0.04087,3.40020,0.00564,1.12215,2.62000,Raymond,Raymond et al.,Raymond et al. 2012
6.10000,0.23917,3.11437,0.00600,0.17927,2.56667,Raymond,Raymond et al.,Raymond et al. 2012
3.30000,0.02278,0.65787,0.02439,0.41486,2.46000,Raymond,Raymond et al.,Raymond et al. 2012
6.40000,0.26000,1.82539,0.01000,0.08689,2.85526,Raymond,Raymond et al.,Raymond et al. 2012
4.50000,0.19445,1.57610,0.01900,0.06062,4.72500,Raymond,Raymond et al.,Raymond et al. 2012
5.50000,0.14733,2.91315,0.00435,0.31261,2.23500,Raymond,Raymond et al.,Raymond et al. 2012
8.70000,0.08333,0.37942,0.03470,0.06679,2.40900,Raymond,Raymond et al.,Raymond et al. 2012
5.90000,0.20000,0.34943,0.01538,0.06072,1.01667,Raymond,Raymond et al.,Raymond et al. 2012
3.90000,0.02011,0.70610,0.02600,0.35139,3.53000,Raymond,Raymond et al.,Raymond et al. 2012
2.20000,0.19320,2.81256,0.00540,0.16056,3.20400,Raymond,Raymond et al.,Raymond et al. 2012
3.20000,0.04505,0.56879,0.02606,0.13729,3.25000,Raymond,Raymond et al.,Raymond et al. 2012
4.60000,0.15433,4.35384,0.00480,0.20540,4.57400,Raymond,Raymond et al.,Raymond et al. 2012
2.20000,0.22576,0.60221,0.02174,0.02564,3.67614,Raymond,Raymond et al.,Raymond et al. 2012
5.60000,0.15220,0.81024,0.00800,0.10224,1.84000,Raymond,Raymond et al.,Raymond et al. 2012
5.30000,0.14383,0.99050,0.00500,0.17206,1.41429,Raymond,Raymond et al.,Raymond et al. 2012
4.00000,0.06667,0.34415,0.01500,0.11845,1.54000,Raymond,Raymond et al.,Raymond et al. 2012
6.00000,0.17000,4.48455,0.00400,0.16304,5.71727,Raymond,Raymond et al.,Raymond et al. 2012
1.80000,0.02315,0.13228,0.04000,0.11214,1.80067,Raymond,Raymond et al.,Raymond et al. 2012
2.20000,0.13333,0.33734,0.02500,0.02912,3.07000,Raymond,Raymond et al.,Raymond et al. 2012
1.60000,0.04657,0.21319,0.02522,0.07703,2.10000,Raymond,Raymond et al.,Raymond et al. 2012
8.00000,0.16000,3.70905,0.00300,0.15875,5.16000,Raymond,Raymond et al.,Raymond et al. 2012
0.30000,0.01917,0.12330,0.03781,0.09472,2.40000,Raymond,Raymond et al.,Raymond et al. 2012
3.10000,0.12333,0.11431,0.03297,0.01633,2.00500,Raymond,Raymond et al.,Raymond et al. 2012
1.40000,0.04667,0.15377,0.01870,0.07323,1.59000,Raymond,Raymond et al.,Raymond et al. 2012
3.80000,0.06870,0.32093,0.00679,0.09455,1.74600,Raymond,Raymond et al.,Raymond et al. 2012
6.40000,0.11650,0.33079,0.00400,0.08612,1.16500,Raymond,Raymond et al.,Raymond et al. 2012
3.90000,0.11217,0.13728,0.00800,0.04042,1.07000,Raymond,Raymond et al.,Raymond et al. 2012
1.50000,0.05556,0.98153,0.00332,0.18827,3.31600,Raymond,Raymond et al.,Raymond et al. 2012
2.20000,0.01717,0.50860,0.00688,0.25452,4.11167,Raymond,Raymond et al.,Raymond et al. 2012
1.40000,0.02586,0.03679,0.02740,0.04189,1.20000,Raymond,Raymond et al.,Raymond et al. 2012
0.70000,0.01127,0.15692,0.01306,0.18566,2.65000,Raymond,Raymond et al.,Raymond et al. 2012
1.10000,0.01254,0.13963,0.01200,0.14793,2.66000,Raymond,Raymond et al.,Raymond et al. 2012
3.70000,0.10667,0.16311,0.01331,0.01460,3.70000,Raymond,Raymond et al.,Raymond et al. 2012
0.60000,0.01045,0.13628,0.01022,0.18361,2.51000,Raymond,Raymond et al.,Raymond et al. 2012
1.60000,0.04692,0.26851,0.00500,0.08317,2.43125,Raymond,Raymond et al.,Raymond et al. 2012
1.50000,0.05747,0.70712,0.00482,0.06743,6.44800,Raymond,Raymond et al.,Raymond et al. 2012
0.90000,0.00636,0.15890,0.01286,0.22624,3.90000,Raymond,Raymond et al.,Raymond et al. 2012
3.30000,0.16763,3.11589,0.00052,0.20500,3.20400,Raymond,Raymond et al.,Raymond et al. 2012
4.60000,0.02600,1.49231,0.00158,0.42253,4.80000,Raymond,Raymond et al.,Raymond et al. 2012
0.20000,0.01429,0.08204,0.01507,0.07927,2.56000,Raymond,Raymond et al.,Raymond et al. 2012
2.40000,0.03667,0.06764,0.00699,0.05718,1.14000,Raymond,Raymond et al.,Raymond et al. 2012
0.60000,0.01826,0.01848,0.01143,0.06502,0.55000,Raymond,Raymond et al.,Raymond et al. 2012
1.70000,0.01427,0.05812,0.00811,0.10737,1.34000,Raymond,Raymond et al.,Raymond et al. 2012
0.80000,0.04703,0.66582,0.00140,0.17193,2.91000,Raymond,Raymond et al.,Raymond et al. 2012
0.90000,0.01515,0.04394,0.01410,0.04879,2.10000,Raymond,Raymond et al.,Raymond et al. 2012
7.50000,0.17544,0.16980,0.00100,0.03638,0.94000,Raymond,Raymond et al.,Raymond et al. 2012
0.70000,0.07117,0.04705,0.00400,0.01995,1.17091,Raymond,Raymond et al.,Raymond et al. 2012
0.10000,0.01852,0.00678,0.01750,0.01667,0.77600,Raymond,Raymond et al.,Raymond et al. 2012
2.60000,0.03333,0.50434,0.00125,0.12096,4.42000,Raymond,Raymond et al.,Raymond et al. 2012
1.10000,0.01753,0.05609,0.00429,0.04488,2.52000,Raymond,Raymond et al.,Raymond et al. 2012
1.00000,0.02269,0.06975,0.00092,0.08354,1.30000,Raymond,Raymond et al.,Raymond et al. 2012
20.62893,0.98450,13.81040,0.00526,0.46515,324.80315,Raymond,Raymond et al.,Raymond et al. 2012
13.56270,1.21006,14.15000,0.00400,0.47392,265.74803,Raymond,Raymond et al.,Raymond et al. 2012
8.74719,0.86563,14.15000,0.00359,0.57701,305.11811,Raymond,Raymond et al.,Raymond et al. 2012
23.10385,0.39671,0.50940,0.01795,0.21050,65.69882,Raymond,Raymond et al.,Raymond et al. 2012
24.31224,0.37207,0.39620,0.01795,0.15889,72.17848,Raymond,Raymond et al.,Raymond et al. 2012
7.01028,0.41638,8.36265,0.00960,0.22125,977.69029,Raymond,Raymond et al.,Raymond et al. 2012
5.91125,0.72847,16.64040,0.00173,0.69434,354.33071,Raymond,Raymond et al.,Raymond et al. 2012
7.54381,0.53272,9.16920,0.00311,0.51367,360.89239,Raymond,Raymond et al.,Raymond et al. 2012
9.43527,0.77724,15.59330,0.00155,0.53545,403.54331,Raymond,Raymond et al.,Raymond et al. 2012
4.75217,0.30912,6.93350,0.00590,0.33776,715.22310,Raymond,Raymond et al.,Raymond et al. 2012
8.75769,0.45110,10.52760,0.00210,0.63843,393.70079,Raymond,Raymond et al.,Raymond et al. 2012
8.12870,0.33651,0.82919,0.00961,0.18288,145.11638,Raymond,Raymond et al.,Raymond et al. 2012
15.47262,0.26190,4.07520,0.00457,0.48768,343.55081,Raymond,Raymond et al.,Raymond et al. 2012
8.41111,0.98755,16.01780,0.00120,0.45124,387.13911,Raymond,Raymond et al.,Raymond et al. 2012
8.43315,0.12051,2.19750,0.00581,0.74825,262.46719,Raymond,Raymond et al.,Raymond et al. 2012
3.28728,0.41888,4.88175,0.00255,0.47549,263.56080,Raymond,Raymond et al.,Raymond et al. 2012
7.96549,0.18318,4.11765,0.00316,0.87173,277.46532,Raymond,Raymond et al.,Raymond et al. 2012
9.70805,0.23606,0.45280,0.00545,0.37150,55.61024,Raymond,Raymond et al.,Raymond et al. 2012
3.45929,0.69190,16.52720,0.00105,0.63238,406.82415,Raymond,Raymond et al.,Raymond et al. 2012
2.17278,0.47365,5.91470,0.00580,0.15828,849.73753,Raymond,Raymond et al.,Raymond et al. 2012
7.30621,0.33143,10.24460,0.00159,0.78056,426.50919,Raymond,Raymond et al.,Raymond et al. 2012
3.58720,0.34200,0.64241,0.00350,0.33528,60.34063,Raymond,Raymond et al.,Raymond et al. 2012
3.66353,0.34169,0.64241,0.00350,0.33528,60.39559,Raymond,Raymond et al.,Raymond et al. 2012
2.94657,0.38982,6.86275,0.00630,0.16280,1164.69816,Raymond,Raymond et al.,Raymond et al. 2012
7.40027,0.41665,2.19042,0.00442,0.21573,262.46719,Raymond,Raymond et al.,Raymond et al. 2012
3.40413,0.33260,9.33900,0.00129,0.92177,328.08399,Raymond,Raymond et al.,Raymond et al. 2012
4.56072,0.36700,35.94100,0.00077,1.35078,780.83990,Raymond,Raymond et al.,Raymond et al. 2012
3.03063,0.17770,4.07520,0.00417,0.48886,505.24934,Raymond,Raymond et al.,Raymond et al. 2012
2.94060,0.35038,9.31070,0.00140,0.72695,393.70079,Raymond,Raymond et al.,Raymond et al. 2012
3.61084,0.36189,9.25410,0.00136,0.69955,393.70079,Raymond,Raymond et al.,Raymond et al. 2012
6.18887,0.35200,2.25551,0.00364,0.26294,262.46719,Raymond,Raymond et al.,Raymond et al. 2012
5.13695,0.54864,22.61170,0.00090,0.62929,705.38058,Raymond,Raymond et al.,Raymond et al. 2012
6.23442,0.29641,1.38670,0.00373,0.27672,182.08661,Raymond,Raymond et al.,Raymond et al. 2012
7.57486,0.39624,22.55510,0.00076,0.99397,616.79790,Raymond,Raymond et al.,Raymond et al. 2012
4.46297,0.22472,0.19810,0.00568,0.23152,41.01050,Raymond,Raymond et al.,Raymond et al. 2012
8.16925,0.15468,0.02447,0.01326,0.14238,11.96850,Raymond,Raymond et al.,Raymond et al. 2012
6.02836,0.14101,1.18860,0.00322,0.63611,142.71654,Raymond,Raymond et al.,Raymond et al. 2012
6.63100,0.51816,22.59755,0.00083,0.67531,695.53806,Raymond,Raymond et al.,Raymond et al. 2012
18.21021,0.11965,0.18678,0.00815,0.28789,58.39895,Raymond,Raymond et al.,Raymond et al. 2012
4.94164,0.28313,0.45280,0.00399,0.24533,70.20997,Raymond,Raymond et al.,Raymond et al. 2012
6.08087,0.12851,1.13200,0.00322,0.66477,142.71654,Raymond,Raymond et al.,Raymond et al. 2012
17.11130,0.41566,24.25310,0.00045,1.44018,436.35171,Raymond,Raymond et al.,Raymond et al. 2012
10.63966,0.42540,24.67760,0.00045,1.37997,452.75591,Raymond,Raymond et al.,Raymond et al. 2012
3.52844,0.21721,0.18621,0.00549,0.21649,42.65092,Raymond,Raymond et al.,Raymond et al. 2012
4.96343,0.47808,5.32040,0.00148,0.35966,333.55206,Raymond,Raymond et al.,Raymond et al. 2012
4.12073,0.22603,0.22838,0.00379,0.27641,39.37008,Raymond,Raymond et al.,Raymond et al. 2012
4.97404,0.25411,4.00445,0.00175,0.53035,319.88189,Raymond,Raymond et al.,Raymond et al. 2012
3.76521,0.48581,1.56782,0.00213,0.22686,153.21522,Raymond,Raymond et al.,Raymond et al. 2012
4.18984,0.28383,1.18860,0.00225,0.35707,126.31234,Raymond,Raymond et al.,Raymond et al. 2012
5.90085,0.23774,80.08900,0.00044,2.08263,1742.12598,Raymond,Raymond et al.,Raymond et al. 2012
8.45002,0.09749,0.02631,0.01080,0.20615,14.10105,Raymond,Raymond et al.,Raymond et al. 2012
3.59531,0.19519,0.67637,0.00280,0.38958,95.80052,Raymond,Raymond et al.,Raymond et al. 2012
4.23242,0.10874,3.11300,0.00290,0.67056,459.81468,Raymond,Raymond et al.,Raymond et al. 2012
3.09170,0.29215,4.57045,0.00210,0.34238,492.12598,Raymond,Raymond et al.,Raymond et al. 2012
6.48872,0.26010,1.07540,0.00225,0.35255,126.31234,Raymond,Raymond et al.,Raymond et al. 2012
5.45954,0.10218,3.08470,0.00118,1.63807,198.49081,Raymond,Raymond et al.,Raymond et al. 2012
2.99817,0.29751,5.85810,0.00174,0.38024,557.74278,Raymond,Raymond et al.,Raymond et al. 2012
5.24893,0.14588,0.03990,0.00795,0.16785,17.55249,Raymond,Raymond et al.,Raymond et al. 2012
4.97592,0.15658,0.02236,0.01307,0.09191,16.73228,Raymond,Raymond et al.,Raymond et al. 2012
3.64931,0.24071,1.42915,0.00150,0.48768,131.12042,Raymond,Raymond et al.,Raymond et al. 2012
2.84091,0.32627,2.47059,0.00127,0.42347,192.58530,Raymond,Raymond et al.,Raymond et al. 2012
4.75841,0.15039,0.07174,0.00587,0.19698,26.08268,Raymond,Raymond et al.,Raymond et al. 2012
5.02891,0.12287,0.16697,0.00568,0.24695,59.26693,Raymond,Raymond et al.,Raymond et al. 2012
5.22683,0.20892,3.05640,0.00091,0.90613,173.88451,Raymond,Raymond et al.,Raymond et al. 2012
1.91952,0.17494,1.57631,0.00141,0.67998,142.71654,Raymond,Raymond et al.,Raymond et al. 2012
2.73631,0.65244,209.42000,0.00011,2.25552,1532.71561,Raymond,Raymond et al.,Raymond et al. 2012
2.59284,0.32046,3.18375,0.00239,0.21743,492.12598,Raymond,Raymond et al.,Raymond et al. 2012
5.98127,0.20333,3.02810,0.00107,0.75021,213.80140,Raymond,Raymond et al.,Raymond et al. 2012
3.68784,0.07907,0.12452,0.00549,0.35168,48.22835,Raymond,Raymond et al.,Raymond et al. 2012
5.08672,0.23051,0.71401,0.00144,0.45992,72.53937,Raymond,Raymond et al.,Raymond et al. 2012
2.44071,0.46360,23.48900,0.00049,0.65176,837.27034,Raymond,Raymond et al.,Raymond et al. 2012
1.97531,0.31778,1.18860,0.00214,0.21523,187.17192,Raymond,Raymond et al.,Raymond et al. 2012
2.13014,0.13567,0.76127,0.00234,0.44501,135.80847,Raymond,Raymond et al.,Raymond et al. 2012
2.13188,0.48143,5.71660,0.00041,0.71524,178.80577,Raymond,Raymond et al.,Raymond et al. 2012
6.32714,0.25545,30.28100,0.00038,1.40993,905.51181,Raymond,Raymond et al.,Raymond et al. 2012
2.22653,0.30836,14.68770,0.00085,0.52003,986.51602,Raymond,Raymond et al.,Raymond et al. 2012
4.17746,0.22991,0.96022,0.00114,0.50951,88.28740,Raymond,Raymond et al.,Raymond et al. 2012
3.24454,0.24759,0.61977,0.00174,0.30893,87.27034,Raymond,Raymond et al.,Raymond et al. 2012
2.10068,0.29090,1.07540,0.00214,0.21272,187.17192,Raymond,Raymond et al.,Raymond et al. 2012
2.90148,0.18587,0.20772,0.00233,0.30572,39.37008,Raymond,Raymond et al.,Raymond et al. 2012
3.31904,0.17833,0.25215,0.00189,0.38682,39.37008,Raymond,Raymond et al.,Raymond et al. 2012
3.58665,0.15594,0.15424,0.00379,0.21914,48.60957,Raymond,Raymond et al.,Raymond et al. 2012
1.77017,0.19714,1.86780,0.00167,0.39371,259.18635,Raymond,Raymond et al.,Raymond et al. 2012
4.66266,0.12920,0.02689,0.00644,0.15180,14.76378,Raymond,Raymond et al.,Raymond et al. 2012
2.24320,0.22727,2.20740,0.00146,0.35038,298.55643,Raymond,Raymond et al.,Raymond et al. 2012
0.96589,0.23170,0.02887,0.00915,0.05381,24.93438,Raymond,Raymond et al.,Raymond et al. 2012
1.33687,0.16193,1.34142,0.00134,0.51798,172.24409,Raymond,Raymond et al.,Raymond et al. 2012
3.08655,0.16391,1.41500,0.00170,0.38820,239.50131,Raymond,Raymond et al.,Raymond et al. 2012
3.71377,0.19159,1.64140,0.00155,0.36576,252.27670,Raymond,Raymond et al.,Raymond et al. 2012
6.91791,0.12237,1.98100,0.00116,0.75647,230.47900,Raymond,Raymond et al.,Raymond et al. 2012
1.91014,0.07059,3.48090,0.00160,0.94488,562.12044,Raymond,Raymond et al.,Raymond et al. 2012
5.37883,0.22967,3.41723,0.00101,0.44806,358.15836,Raymond,Raymond et al.,Raymond et al. 2012
3.06867,0.12477,0.14999,0.00290,0.28805,44.94751,Raymond,Raymond et al.,Raymond et al. 2012
1.37908,0.57926,96.78600,0.00013,1.34112,1341.83021,Raymond,Raymond et al.,Raymond et al. 2012
2.69940,0.09139,0.08150,0.00464,0.24196,39.69816,Raymond,Raymond et al.,Raymond et al. 2012
3.96609,0.20076,3.56580,0.00081,0.62161,307.74278,Raymond,Raymond et al.,Raymond et al. 2012
2.55846,0.14946,0.02802,0.00568,0.11721,17.22441,Raymond,Raymond et al.,Raymond et al. 2012
2.47967,0.22826,23.03620,0.00052,0.80807,1345.14436,Raymond,Raymond et al.,Raymond et al. 2012
3.75047,0.07434,0.22357,0.00327,0.38565,83.98950,Raymond,Raymond et al.,Raymond et al. 2012
2.55833,0.08493,0.56034,0.00155,0.69870,101.70604,Raymond,Raymond et al.,Raymond et al. 2012
1.18031,0.14792,0.39620,0.00126,0.44863,64.30446,Raymond,Raymond et al.,Raymond et al. 2012
3.57515,0.12192,2.40267,0.00082,0.82906,256.01407,Raymond,Raymond et al.,Raymond et al. 2012
1.99313,0.44051,95.08800,0.00011,1.64592,1412.49179,Raymond,Raymond et al.,Raymond et al. 2012
0.79932,0.21450,1.65272,0.00284,0.13243,626.64042,Raymond,Raymond et al.,Raymond et al. 2012
2.62932,0.31617,0.21791,0.00159,0.15682,47.33679,Raymond,Raymond et al.,Raymond et al. 2012
1.62666,0.11176,2.40550,0.00082,0.82906,279.61704,Raymond,Raymond et al.,Raymond et al. 2012
3.06844,0.19567,2.94320,0.00102,0.37789,428.69641,Raymond,Raymond et al.,Raymond et al. 2012
2.01978,0.06706,3.65070,0.00160,0.70088,836.61417,Raymond,Raymond et al.,Raymond et al. 2012
2.76965,0.18288,3.11300,0.00110,0.36576,501.23943,Raymond,Raymond et al.,Raymond et al. 2012
1.83412,0.14240,,0.00138,0.37421,,Raymond,Raymond et al.,Raymond et al. 2012
1.73587,0.14240,,0.00138,0.37421,,Raymond,Raymond et al.,Raymond et al. 2012
2.43906,0.06714,0.54336,0.00155,0.69918,124.67192,Raymond,Raymond et al.,Raymond et al. 2012
2.97438,0.16092,0.35432,0.00145,0.31204,75.99723,Raymond,Raymond et al.,Raymond et al. 2012
4.08031,0.06453,0.14999,0.00280,0.40157,62.33596,Raymond,Raymond et al.,Raymond et al. 2012
1.69168,0.20705,1.58480,0.00116,0.30274,272.30971,Raymond,Raymond et al.,Raymond et al. 2012
13.97628,0.02706,0.08023,0.00216,1.23764,25.80381,Raymond,Raymond et al.,Raymond et al. 2012
1.21693,0.50156,65.37300,0.00013,1.03632,1354.60509,Raymond,Raymond et al.,Raymond et al. 2012
2.38528,0.31669,1.62895,0.00043,0.50405,109.90814,Raymond,Raymond et al.,Raymond et al. 2012
1.58010,0.21120,0.16867,0.00136,0.21847,39.37008,Raymond,Raymond et al.,Raymond et al. 2012
2.40246,0.13834,1.66970,0.00091,0.49838,260.82677,Raymond,Raymond et al.,Raymond et al. 2012
1.53351,0.23470,0.12636,0.00100,0.25814,22.46362,Raymond,Raymond et al.,Raymond et al. 2012
2.14307,0.13411,3.65070,0.00130,0.33406,877.62467,Raymond,Raymond et al.,Raymond et al. 2012
2.44862,0.12230,0.08462,0.00270,0.16951,43.96325,Raymond,Raymond et al.,Raymond et al. 2012
2.09948,0.26730,4.75440,0.00032,0.63288,295.60367,Raymond,Raymond et al.,Raymond et al. 2012
5.91509,0.10519,0.16556,0.00087,0.58500,28.97729,Raymond,Raymond et al.,Raymond et al. 2012
0.68636,0.08047,0.09962,0.00316,0.20318,65.61680,Raymond,Raymond et al.,Raymond et al. 2012
2.13793,0.20503,0.04143,0.00294,0.08309,26.19423,Raymond,Raymond et al.,Raymond et al. 2012
2.45927,0.18282,0.48252,0.00111,0.24375,116.62145,Raymond,Raymond et al.,Raymond et al. 2012
3.24771,0.04811,0.37073,0.00120,0.85344,97.24836,Raymond,Raymond et al.,Raymond et al. 2012
2.52837,0.13297,0.48110,0.00063,0.56028,69.55381,Raymond,Raymond et al.,Raymond et al. 2012
2.03851,0.07616,0.06707,0.00337,0.18288,51.86399,Raymond,Raymond et al.,Raymond et al. 2012
1.75576,0.03914,0.03679,0.00739,0.15986,63.32021,Raymond,Raymond et al.,Raymond et al. 2012
2.66421,0.30299,0.19386,0.00150,0.10064,68.47183,Raymond,Raymond et al.,Raymond et al. 2012
1.66564,0.04502,0.25074,0.00155,0.63051,95.14436,Raymond,Raymond et al.,Raymond et al. 2012
2.21920,0.07078,0.03280,0.00322,0.19174,26.03018,Raymond,Raymond et al.,Raymond et al. 2012
1.35256,0.21744,0.92824,0.00134,0.14877,309.05512,Raymond,Raymond et al.,Raymond et al. 2012
2.26682,0.04866,0.04754,0.00285,0.30095,34.96880,Raymond,Raymond et al.,Raymond et al. 2012
3.47184,0.05670,0.08462,0.00280,0.25386,63.32021,Raymond,Raymond et al.,Raymond et al. 2012
1.25446,0.06329,0.12452,0.00147,0.43350,48.88451,Raymond,Raymond et al.,Raymond et al. 2012
0.86830,0.14370,2.05175,0.00070,0.39387,390.41995,Raymond,Raymond et al.,Raymond et al. 2012
1.91651,0.14305,0.01142,0.00250,0.10241,8.39475,Raymond,Raymond et al.,Raymond et al. 2012
7.84061,0.05878,1.29048,0.00060,1.00105,236.22047,Raymond,Raymond et al.,Raymond et al. 2012
1.00745,0.32815,1.08352,0.00080,0.13219,269.02887,Raymond,Raymond et al.,Raymond et al. 2012
1.89881,0.07958,0.05080,0.00232,0.18641,36.88140,Raymond,Raymond et al.,Raymond et al. 2012
1.67232,0.03122,0.24536,0.00155,0.70688,119.75066,Raymond,Raymond et al.,Raymond et al. 2012
1.09032,0.30291,0.96220,0.00080,0.13823,247.50656,Raymond,Raymond et al.,Raymond et al. 2012
2.57234,0.10202,0.03934,0.00330,0.09813,42.32283,Raymond,Raymond et al.,Raymond et al. 2012
1.05707,0.32644,1.10849,0.00080,0.12587,290.55118,Raymond,Raymond et al.,Raymond et al. 2012
1.99204,0.06187,0.73863,0.00072,0.73150,175.76553,Raymond,Raymond et al.,Raymond et al. 2012
1.11032,0.08724,0.43016,0.00158,0.23733,223.75328,Raymond,Raymond et al.,Raymond et al. 2012
2.02977,0.03813,0.08915,0.00177,0.47669,52.82152,Raymond,Raymond et al.,Raymond et al. 2012
1.41904,0.07683,0.04471,0.00396,0.10386,60.36745,Raymond,Raymond et al.,Raymond et al. 2012
5.21130,0.07257,0.04217,0.00330,0.13155,47.57218,Raymond,Raymond et al.,Raymond et al. 2012
0.76517,0.10345,0.27932,0.00118,0.25692,113.18898,Raymond,Raymond et al.,Raymond et al. 2012
1.33194,0.05870,0.81787,0.00054,0.98211,152.80840,Raymond,Raymond et al.,Raymond et al. 2012
1.18219,0.06819,1.49990,0.00060,0.76200,310.88443,Raymond,Raymond et al.,Raymond et al. 2012
1.04442,0.14218,0.13301,0.00087,0.23444,42.97900,Raymond,Raymond et al.,Raymond et al. 2012
1.68521,0.05419,0.87730,0.00081,0.65054,268.04462,Raymond,Raymond et al.,Raymond et al. 2012
0.99055,0.07359,0.19909,0.00063,0.58883,49.48498,Raymond,Raymond et al.,Raymond et al. 2012
2.04709,0.09062,0.08341,0.00070,0.42176,23.50722,Raymond,Raymond et al.,Raymond et al. 2012
2.32663,0.11371,0.29715,0.00054,0.43436,64.79659,Raymond,Raymond et al.,Raymond et al. 2012
1.24643,0.16529,0.57308,0.00043,0.37317,100.06562,Raymond,Raymond et al.,Raymond et al. 2012
1.08273,0.16717,0.57308,0.00043,0.36899,100.06562,Raymond,Raymond et al.,Raymond et al. 2012
1.92939,0.11081,0.88296,0.00081,0.29097,294.94751,Raymond,Raymond et al.,Raymond et al. 2012
1.22195,0.16098,0.58274,0.00043,0.37726,103.34646,Raymond,Raymond et al.,Raymond et al. 2012
1.01596,0.16489,0.58274,0.00043,0.36830,103.34646,Raymond,Raymond et al.,Raymond et al. 2012
3.33249,0.07012,1.49990,0.00070,0.51816,444.59109,Raymond,Raymond et al.,Raymond et al. 2012
3.02036,0.08353,0.03056,0.00330,0.09100,43.30709,Raymond,Raymond et al.,Raymond et al. 2012
1.67902,0.03962,0.18537,0.00081,0.76668,65.71831,Raymond,Raymond et al.,Raymond et al. 2012
1.27304,0.08572,0.12438,0.00063,0.44935,34.77690,Raymond,Raymond et al.,Raymond et al. 2012
1.05356,0.16552,0.14716,0.00063,0.23072,41.50262,Raymond,Raymond et al.,Raymond et al. 2012
1.18989,0.05080,0.29998,0.00136,0.34442,184.65612,Raymond,Raymond et al.,Raymond et al. 2012
0.99732,0.12902,0.81221,0.00060,0.30392,223.09711,Raymond,Raymond et al.,Raymond et al. 2012
1.75538,0.04407,3.48090,0.00050,1.06680,797.35366,Raymond,Raymond et al.,Raymond et al. 2012
1.99009,0.08692,1.49990,0.00060,0.42672,435.51780,Raymond,Raymond et al.,Raymond et al. 2012
2.67057,0.07112,0.02377,0.00330,0.09378,38.38583,Raymond,Raymond et al.,Raymond et al. 2012
1.64979,0.07477,0.81787,0.00046,0.62919,187.24409,Raymond,Raymond et al.,Raymond et al. 2012
1.70755,0.05891,,0.00064,0.56838,,Raymond,Raymond et al.,Raymond et al. 2012
0.58001,0.10774,0.07811,0.00115,0.15062,51.83727,Raymond,Raymond et al.,Raymond et al. 2012
1.69256,0.02830,0.00764,0.01030,0.06145,47.24409,Raymond,Raymond et al.,Raymond et al. 2012
1.98774,0.06225,0.05094,0.00095,0.27985,31.49606,Raymond,Raymond et al.,Raymond et al. 2012
0.78556,0.11785,0.08264,0.00092,0.14569,51.83727,Raymond,Raymond et al.,Raymond et al. 2012
1.12717,0.08458,3.48090,0.00030,0.57912,765.43587,Raymond,Raymond et al.,Raymond et al. 2012
1.04606,0.04325,,0.00093,0.35814,,Raymond,Raymond et al.,Raymond et al. 2012
1.04011,0.11023,0.07641,0.00063,0.15171,49.21260,Raymond,Raymond et al.,Raymond et al. 2012
3.82278,0.03251,0.81787,0.00026,1.21630,222.75591,Raymond,Raymond et al.,Raymond et al. 2012
1.06216,0.02838,0.13924,0.00093,0.37637,140.41995,Raymond,Raymond et al.,Raymond et al. 2012
1.42795,0.01984,0.03849,0.00160,0.31059,67.25722,Raymond,Raymond et al.,Raymond et al. 2012
1.10779,0.05182,0.29998,0.00025,0.69654,89.51845,Raymond,Raymond et al.,Raymond et al. 2012
1.24281,0.04572,0.29998,0.00025,0.78143,90.43236,Raymond,Raymond et al.,Raymond et al. 2012
1.89730,0.04111,3.65070,0.00020,1.06016,902.23097,Raymond,Raymond et al.,Raymond et al. 2012
1.41662,0.10098,0.73580,0.00014,0.59802,131.23360,Raymond,Raymond et al.,Raymond et al. 2012
2.42185,0.09149,0.58298,0.00024,0.39919,171.91601,Raymond,Raymond et al.,Raymond et al. 2012
0.68741,0.03917,0.79382,0.00019,1.14804,190.11374,Raymond,Raymond et al.,Raymond et al. 2012
0.69721,0.07907,0.73580,0.00017,0.58749,170.60367,Raymond,Raymond et al.,Raymond et al. 2012
1.14842,0.02396,0.03000,0.00160,0.19854,67.91339,Raymond,Raymond et al.,Raymond et al. 2012
1.02356,0.09101,0.01595,0.00081,0.09693,19.46964,Raymond,Raymond et al.,Raymond et al. 2012
2.24888,0.16459,,0.00010,0.42302,,Raymond,Raymond et al.,Raymond et al. 2012
1.68292,0.08709,0.56034,0.00024,0.33316,208.00525,Raymond,Raymond et al.,Raymond et al. 2012
1.41336,0.07786,0.56600,0.00014,0.59664,131.23360,Raymond,Raymond et al.,Raymond et al. 2012
1.38115,0.02268,0.03849,0.00110,0.25913,70.53806,Raymond,Raymond et al.,Raymond et al. 2012
10.80045,0.15103,45.28000,0.00002,2.04216,1581.21348,Raymond,Raymond et al.,Raymond et al. 2012
1.34331,0.02717,0.03000,0.00110,0.18686,63.64829,Raymond,Raymond et al.,Raymond et al. 2012
0.91663,0.08025,1.31595,0.00008,0.79169,223.09711,Raymond,Raymond et al.,Raymond et al. 2012
0.79784,0.04776,0.73863,0.00007,1.27226,130.92738,Raymond,Raymond et al.,Raymond et al. 2012
0.75397,0.01192,0.07103,0.00081,0.32766,195.91764,Raymond,Raymond et al.,Raymond et al. 2012
0.56413,0.01487,0.30423,0.00017,1.10075,200.13123,Raymond,Raymond et al.,Raymond et al. 2012
1.65168,0.01887,0.38205,0.00010,1.10761,196.85039,Raymond,Raymond et al.,Raymond et al. 2012
0.42775,0.01467,0.01472,0.00095,0.15034,71.85039,Raymond,Raymond et al.,Raymond et al. 2012
1.48883,0.07396,7.35800,0.00004,0.66789,1604.33071,Raymond,Raymond et al.,Raymond et al. 2012
0.65492,0.01854,0.00283,0.00098,0.09823,16.73228,Raymond,Raymond et al.,Raymond et al. 2012
0.84829,0.01538,0.09707,0.00021,0.35052,193.88670,Raymond,Raymond et al.,Raymond et al. 2012
94.64650,0.26535,0.28300,0.05600,0.46360,7.56201,Raymond,Raymond et al.,Raymond et al. 2012
24.80075,0.12200,0.28300,0.02400,0.55815,13.66120,Raymond,Raymond et al.,Raymond et al. 2012
30.38651,0.12200,0.28300,0.02400,0.55815,13.66120,Raymond,Raymond et al.,Raymond et al. 2012
1.53587,0.32635,2.32060,0.00418,0.55205,42.34006,Raymond,Raymond et al.,Raymond et al. 2012
1.95593,0.33245,2.43380,0.00373,0.54290,44.32533,Raymond,Raymond et al.,Raymond et al. 2012
2.38295,0.30500,3.28280,0.00367,0.56425,62.70270,Raymond,Raymond et al.,Raymond et al. 2012
2.23833,0.28365,3.33940,0.00316,0.59170,65.40295,Raymond,Raymond et al.,Raymond et al. 2012
1.96399,0.74725,93.39000,0.00020,2.33630,175.84057,Raymond,Raymond et al.,Raymond et al. 2012
3.30005,0.36905,1.78290,0.00198,0.46055,34.48087,Raymond,Raymond et al.,Raymond et al. 2012
3.89721,0.31415,3.93370,0.00166,0.57950,71.02708,Raymond,Raymond et al.,Raymond et al. 2012
5.11081,0.17141,3.19790,0.00238,0.70150,87.42070,Raymond,Raymond et al.,Raymond et al. 2012
4.28986,0.24400,0.36790,0.00391,0.29280,16.92708,Raymond,Raymond et al.,Raymond et al. 2012
3.26904,0.09760,0.28300,0.00732,0.36295,26.26050,Raymond,Raymond et al.,Raymond et al. 2012
3.30017,0.28365,3.93370,0.00137,0.64660,70.50112,Raymond,Raymond et al.,Raymond et al. 2012
3.90191,0.18605,0.53770,0.00269,0.49105,19.34630,Raymond,Raymond et al.,Raymond et al. 2012
3.25537,0.26840,3.99030,0.00162,0.55510,88.03696,Raymond,Raymond et al.,Raymond et al. 2012
3.11899,0.25010,3.99030,0.00146,0.64660,81.10907,Raymond,Raymond et al.,Raymond et al. 2012
3.39394,0.16775,0.28300,0.00557,0.25010,22.17295,Raymond,Raymond et al.,Raymond et al. 2012
3.19871,0.16165,3.19790,0.00221,0.64965,100.09744,Raymond,Raymond et al.,Raymond et al. 2012
2.20500,0.38735,2.09420,0.00140,0.42700,41.61980,Raymond,Raymond et al.,Raymond et al. 2012
1.50419,0.20527,2.54700,0.00205,0.53680,75.98271,Raymond,Raymond et al.,Raymond et al. 2012
3.22472,0.17904,3.62240,0.00189,0.64965,102.37461,Raymond,Raymond et al.,Raymond et al. 2012
2.01954,0.40565,2.20740,0.00124,0.42395,42.19181,Raymond,Raymond et al.,Raymond et al. 2012
2.70589,0.14701,3.25450,0.00210,0.68625,106.03965,Raymond,Raymond et al.,Raymond et al. 2012
2.80936,0.16470,0.62260,0.00214,0.59475,20.89269,Raymond,Raymond et al.,Raymond et al. 2012
2.26177,0.35685,1.75460,0.00148,0.39650,40.76266,Raymond,Raymond et al.,Raymond et al. 2012
3.53533,0.11529,3.14130,0.00228,0.77470,115.61055,Raymond,Raymond et al.,Raymond et al. 2012
2.67396,0.12658,3.11300,0.00215,0.73810,109.52903,Raymond,Raymond et al.,Raymond et al. 2012
1.75216,0.14427,3.05640,0.00199,0.68930,101.03089,Raymond,Raymond et al.,Raymond et al. 2012
2.95306,0.18605,0.45280,0.00259,0.40870,19.57426,Raymond,Raymond et al.,Raymond et al. 2012
2.45370,0.13207,3.11300,0.00211,0.70455,109.97471,Raymond,Raymond et al.,Raymond et al. 2012
2.84477,0.12658,3.16960,0.00217,0.71065,115.82812,Raymond,Raymond et al.,Raymond et al. 2012
2.47116,0.14884,3.31110,0.00195,0.67100,108.97914,Raymond,Raymond et al.,Raymond et al. 2012
2.61871,0.12749,3.16960,0.00211,0.72285,113.05594,Raymond,Raymond et al.,Raymond et al. 2012
2.19004,0.32330,3.19790,0.00112,0.53375,60.91644,Raymond,Raymond et al.,Raymond et al. 2012
1.98450,0.37210,2.06590,0.00132,0.39345,46.38455,Raymond,Raymond et al.,Raymond et al. 2012
2.61725,0.13725,0.28300,0.00492,0.28365,23.89486,Raymond,Raymond et al.,Raymond et al. 2012
2.76602,0.14640,3.45260,0.00186,0.70150,110.50725,Raymond,Raymond et al.,Raymond et al. 2012
1.82486,0.35685,2.34890,0.00104,0.50935,42.47914,Raymond,Raymond et al.,Raymond et al. 2012
2.36372,0.13085,3.33940,0.00195,0.73810,113.66044,Raymond,Raymond et al.,Raymond et al. 2012
2.44284,0.17690,0.28300,0.00424,0.25010,21.02607,Raymond,Raymond et al.,Raymond et al. 2012
1.94177,0.13847,3.28280,0.00198,0.68320,114.06545,Raymond,Raymond et al.,Raymond et al. 2012
2.66352,0.18910,0.53770,0.00198,0.49105,19.03426,Raymond,Raymond et al.,Raymond et al. 2012
1.60705,0.15250,3.19790,0.00202,0.59475,115.89744,Raymond,Raymond et al.,Raymond et al. 2012
2.08053,0.27145,3.99030,0.00110,0.60085,80.41978,Raymond,Raymond et al.,Raymond et al. 2012
2.23876,0.14366,3.31110,0.00189,0.66185,114.47357,Raymond,Raymond et al.,Raymond et al. 2012
2.49125,0.14061,3.50920,0.00186,0.68015,120.61905,Raymond,Raymond et al.,Raymond et al. 2012
1.66877,0.39650,2.51870,0.00110,0.40870,51.09070,Raymond,Raymond et al.,Raymond et al. 2012
1.77279,0.38735,2.15080,0.00122,0.36905,49.45663,Raymond,Raymond et al.,Raymond et al. 2012
1.99732,0.11407,3.05640,0.00202,0.75030,117.38620,Raymond,Raymond et al.,Raymond et al. 2012
1.51041,0.42700,1.98100,0.00096,0.42395,35.97122,Raymond,Raymond et al.,Raymond et al. 2012
2.48703,0.14854,3.62240,0.00180,0.64050,125.15889,Raymond,Raymond et al.,Raymond et al. 2012
2.35774,0.17690,0.28300,0.00383,0.25010,21.02607,Raymond,Raymond et al.,Raymond et al. 2012
2.60302,0.17690,0.28300,0.00383,0.25010,21.02607,Raymond,Raymond et al.,Raymond et al. 2012
1.58721,0.41785,2.60360,0.00102,0.39650,51.65637,Raymond,Raymond et al.,Raymond et al. 2012
2.41207,0.20435,0.31130,0.00304,0.26840,18.65672,Raymond,Raymond et al.,Raymond et al. 2012
2.11172,0.30195,3.25450,0.00097,0.56120,63.13131,Raymond,Raymond et al.,Raymond et al. 2012
2.13321,0.14061,3.53750,0.00180,0.63440,130.36042,Raymond,Raymond et al.,Raymond et al. 2012
1.94732,0.14030,0.28300,0.00396,0.28365,23.37541,Raymond,Raymond et al.,Raymond et al. 2012
1.50174,0.35380,2.26400,0.00088,0.50020,42.05214,Raymond,Raymond et al.,Raymond et al. 2012
1.74736,0.12444,2.99980,0.00185,0.66643,118.90340,Raymond,Raymond et al.,Raymond et al. 2012
2.36683,0.08327,3.05640,0.00209,0.86315,139.78954,Raymond,Raymond et al.,Raymond et al. 2012
1.90673,0.14579,3.65070,0.00174,0.59170,139.11056,Raymond,Raymond et al.,Raymond et al. 2012
1.86802,0.74725,93.39000,0.00020,2.33325,176.07043,Raymond,Raymond et al.,Raymond et al. 2012
1.64093,0.26840,0.39620,0.00188,0.29280,16.57197,Raymond,Raymond et al.,Raymond et al. 2012
1.47262,0.15342,2.54700,0.00162,0.57035,95.68259,Raymond,Raymond et al.,Raymond et al. 2012
1.56401,0.25315,3.99030,0.00086,0.64050,80.89501,Raymond,Raymond et al.,Raymond et al. 2012
1.61273,0.11865,2.97150,0.00171,0.67710,121.58688,Raymond,Raymond et al.,Raymond et al. 2012
1.47537,0.13176,2.63190,0.00148,0.69540,94.42008,Raymond,Raymond et al.,Raymond et al. 2012
1.92406,0.12871,3.62240,0.00167,0.62830,147.24152,Raymond,Raymond et al.,Raymond et al. 2012
1.32898,0.14366,2.71680,0.00099,0.94855,65.53751,Raymond,Raymond et al.,Raymond et al. 2012
1.56401,0.35075,1.33010,0.00118,0.32025,38.92340,Raymond,Raymond et al.,Raymond et al. 2012
1.43777,0.12048,2.71680,0.00139,0.78080,94.93671,Raymond,Raymond et al.,Raymond et al. 2012
1.84525,0.17690,2.88660,0.00144,0.50935,105.30663,Raymond,Raymond et al.,Raymond et al. 2012
1.43111,0.12780,2.54700,0.00168,0.60085,109.03408,Raymond,Raymond et al.,Raymond et al. 2012
1.54753,0.12993,2.94320,0.00164,0.59475,125.19562,Raymond,Raymond et al.,Raymond et al. 2012
1.58110,0.13359,3.65070,0.00166,0.56425,159.20030,Raymond,Raymond et al.,Raymond et al. 2012
1.48196,0.12414,2.66020,0.00138,0.72590,97.04127,Raymond,Raymond et al.,Raymond et al. 2012
1.33619,0.54900,31.97900,0.00019,1.17120,163.48380,Raymond,Raymond et al.,Raymond et al. 2012
0.98163,0.58255,29.14900,0.00017,1.22610,134.14602,Raymond,Raymond et al.,Raymond et al. 2012
1.36518,0.10492,2.54700,0.00175,0.63745,125.18082,Raymond,Raymond et al.,Raymond et al. 2012
1.03364,0.13847,3.67900,0.00166,0.50630,172.49615,Raymond,Raymond et al.,Raymond et al. 2012
2.53953,0.53985,30.45080,0.00021,1.26880,146.13212,Raymond,Raymond et al.,Raymond et al. 2012
1.42513,0.11621,2.54700,0.00158,0.61915,116.36476,Raymond,Raymond et al.,Raymond et al. 2012
1.20591,0.09455,0.28300,0.00330,0.36295,27.10762,Raymond,Raymond et al.,Raymond et al. 2012
1.36866,0.10675,2.88660,0.00143,0.71980,123.48668,Raymond,Raymond et al.,Raymond et al. 2012
0.95233,0.57035,33.39400,0.00016,1.18950,161.79899,Raymond,Raymond et al.,Raymond et al. 2012
1.46853,0.13329,2.54700,0.00137,0.59170,106.15962,Raymond,Raymond et al.,Raymond et al. 2012
1.91991,0.15860,0.67920,0.00131,0.51850,27.14932,Raymond,Raymond et al.,Raymond et al. 2012
1.25646,0.18300,0.28300,0.00234,0.25010,20.32520,Raymond,Raymond et al.,Raymond et al. 2012
1.42165,0.18300,0.28300,0.00234,0.25010,20.32520,Raymond,Raymond et al.,Raymond et al. 2012
1.51072,0.10401,2.88660,0.00148,0.66795,136.58458,Raymond,Raymond et al.,Raymond et al. 2012
1.95544,0.52460,30.45080,0.00019,1.26880,150.38014,Raymond,Raymond et al.,Raymond et al. 2012
1.36237,0.13573,2.88660,0.00142,0.52765,132.49334,Raymond,Raymond et al.,Raymond et al. 2012
1.06862,0.51545,31.97900,0.00017,1.18645,171.88665,Raymond,Raymond et al.,Raymond et al. 2012
1.45046,0.12383,2.88660,0.00146,0.54900,139.57307,Raymond,Raymond et al.,Raymond et al. 2012
1.66431,0.09791,2.88660,0.00159,0.60695,159.67689,Raymond,Raymond et al.,Raymond et al. 2012
0.86747,0.54595,33.39400,0.00013,1.23830,162.36894,Raymond,Raymond et al.,Raymond et al. 2012
1.11886,0.16470,0.59430,0.00091,0.48190,24.61322,Raymond,Raymond et al.,Raymond et al. 2012
1.02552,0.14640,0.67920,0.00099,0.47885,31.84713,Raymond,Raymond et al.,Raymond et al. 2012
0.94885,0.12810,0.70750,0.00110,0.47885,37.91325,Raymond,Raymond et al.,Raymond et al. 2012
0.97369,0.10675,0.55185,0.00175,0.33550,50.64935,Raymond,Raymond et al.,Raymond et al. 2012
0.81924,0.09150,0.55185,0.00155,0.33550,59.09091,Raymond,Raymond et al.,Raymond et al. 2012
0.92669,0.09455,0.55185,0.00149,0.33550,57.18475,Raymond,Raymond et al.,Raymond et al. 2012
1.21483,0.11285,0.55185,0.00133,0.30500,52.70270,Raymond,Raymond et al.,Raymond et al. 2012
0.84855,0.10675,0.27734,0.00140,0.30500,28.00000,Raymond,Raymond et al.,Raymond et al. 2012
0.79605,0.11895,0.27734,0.00130,0.24400,31.41026,Raymond,Raymond et al.,Raymond et al. 2012
0.85892,0.08845,0.55185,0.00131,0.32025,64.03941,Raymond,Raymond et al.,Raymond et al. 2012
0.76919,0.08845,0.27734,0.00131,0.30500,33.79310,Raymond,Raymond et al.,Raymond et al. 2012
0.74721,0.09760,0.27734,0.00130,0.27450,34.02778,Raymond,Raymond et al.,Raymond et al. 2012
0.67823,0.07625,0.55185,0.00129,0.33550,70.90909,Raymond,Raymond et al.,Raymond et al. 2012
0.73622,0.08845,0.27734,0.00124,0.27450,37.54789,Raymond,Raymond et al.,Raymond et al. 2012
0.68983,0.06710,0.27734,0.00114,0.30500,44.54545,Raymond,Raymond et al.,Raymond et al. 2012
51.91879,0.12000,0.01200,0.23200,0.10900,0.92000,UK,Maurice et al.,Maurice et al. 2017
14.58120,0.04000,0.00240,0.23200,0.06000,0.58000,UK,Maurice et al.,Maurice et al. 2017
15.00892,0.19000,0.03800,0.03700,0.19300,1.02000,UK,Maurice et al.,Maurice et al. 2017
5.57835,0.05000,0.00460,0.03700,0.10300,0.99000,UK,Maurice et al.,Maurice et al. 2017
296.19972,0.20000,0.03700,0.29400,0.14500,1.14000,UK,Maurice et al.,Maurice et al. 2017
4.00358,0.00800,0.00080,0.29400,0.03100,0.98000,UK,Maurice et al.,Maurice et al. 2017
149.32676,0.25000,0.08800,0.05600,0.29300,1.07000,UK,Maurice et al.,Maurice et al. 2017
2.59962,0.01000,0.00220,0.05600,0.10400,1.04000,UK,Maurice et al.,Maurice et al. 2017
28.90133,0.22000,0.04300,0.05600,0.12100,0.98000,UK,Maurice et al.,Maurice et al. 2017
2.87458,0.17000,0.00080,0.05600,0.04600,0.78000,UK,Maurice et al.,Maurice et al. 2017
64.37947,0.09000,0.01300,0.18000,0.12200,0.92000,UK,Maurice et al.,Maurice et al. 2017
6.39906,0.01000,0.00310,0.18000,0.06400,0.82000,UK,Maurice et al.,Maurice et al. 2017
197.17115,0.20000,0.03500,0.24900,0.13600,1.22000,UK,Maurice et al.,Maurice et al. 2017
14.86310,0.03000,0.00220,0.24900,0.07700,1.20000,UK,Maurice et al.,Maurice et al. 2017
25.09355,0.13000,0.02500,0.07600,0.13000,1.09000,UK,Maurice et al.,Maurice et al. 2017
3.49393,0.01000,0.10000,0.07600,0.06800,0.93000,UK,Maurice et al.,Maurice et al. 2017
